Marylyn,Corbyn
Rosy,Smith
Raymon,Brown
Sommer,Taylor
Reid,Johnson
Sadie,Walker
Tanesha,Wright
Dreama,Thompson
Eve,Robinson
Sina,White
Margy,Hall
Jamey,Green
Esther,Martin
Cicely,Wood
Hanna,Harris
Dinorah,Clarke
Carmina,Jackson
Corazon,Clark
Lori,Turner
Dwayne,Hill
Pearlie,Moore
Effie,Cooper
Raisa,Ward
Mohammed,King
Adan,Watson
Stefania,Harrison
Vicki,Baker
Ivory,Young
Carrol,Allen
Sharon,Anderson
Chanda,Mitchell
Verlene,Bell
Maria,Lee
Dorla,Parker
Julio,Davis
Nakisha,Bennett
Classie,Miller
Noel,Shaw
Vikki,Cook
Luise,Richardson
Ruthe,Marshall
Kathlene,Collins
Franchesca,Carter
Enda,Bailey
Mozell,Gray
Ngan,Cox
Theresa,Adams
Johna,Wilkinson
Lia,Foster
Evalyn,Chapman
Neta,Russell
Collin,Mason
Shonna,Webb
Cyrus,Rogers
Rosemary,Hunt
Hosea,Holmes
Becky,Mills
Spencer,Palmer
Shelli,Matthews
Kira,Fisher
Kary,Barnes
Kasandra,Knight
Rosamaria,Harvey
Velva,Jenkins
Tomasa,Barker
Pablo,Butler
Piper,Pearson
Kenyetta,Stevens
Karren,Dixon
Arline,Hunter
Minna,Fletcher
Monte,Elliott
Carri,Andrews
Hulda,Reynolds
Clemmie,Fox
Lacey,Howard
Lino,Ford
Ema,Bradley
Rona,Saunders
Taren,Payne
Neomi,Armstrong
Robbi,West
Lorriane,Walsh
Denise,Pearce
Willa,Day
Dara,Dawson
Exie,Brooks
Kam,Atkinson
Tamekia,Cole
Jolene,Lawrence
Onie,Burns
Bulah,Ball
Tessa,Burton
Beau,Williamson
Stephani,Spencer
Lily,Booth
Wm,Rose
Penney,Webster
Alberta,Perry
Timika,Watts
Tiara,Hart
Wilber,Wells
Sophie,Dunn
Mirian,Woods
Katelin,Stevenson
Michele,Porter
Ailene,Hudson
Georgeanna,Hayes
Laveta,Lowe
Vilma,Carr
Anissa,Newman
Logan,Page
Trevor,Berry
Rich,Barrett
Quyen,Gregory
Li,Francis
America,Oliver
Lang,Marsh
Leonore,Gardner
Ileana,Stone
Regina,Holland
Janetta,Riley
Alverta,Parsons
Tanika,Newton
Francesco,Hawkins
Bell,Bird
Dirk,Harding
Heath,Reed
Luanne,Nicholson
Lincoln,Cooke
Marnie,Dean
Latoria,Shepherd
Wynell,Harper
Maryann,Cunningham
Mariah,Bates
Claudette,Burgess
Amy,Lane
Willene,Sharp
Etha,Walton
Zetta,Bishop
Page,Cross
Celesta,Robson
Evan,Warren
Tegan,Long
Ludivina,Freeman
Barbar,Chambers
Ulysses,Sutton
Cristie,Yates
Roy,Nicholls
Mitch,Hodgson
Toni,Curtis
Maryln,Higgins
Terri,Hopkins
Kenyatta,Nelson
Alane,Coleman
Thomas,Moss
Vera,Baxter
Ami,Potter
Milissa,Watkins
Elva,Hutchinson
Nisha,Jordan
Elliot,Hardy
Edythe,Osborne
Gwyn,Alexander
Lourie,Wheeler
Verona,May
Angela,Willis
Helaine,George
Ewa,Crawford
Bernard,Gilbert
Isadora,Slater
Kenia,Lawson
Karlyn,Hewitt
Oma,Rowe
Annetta,Hammond
Donya,Miles
Shawanda,Read
Sue,Barber
Azalee,Mann
Cassey,Arnold
Maxie,Stephenson
Aaron,Austin
Delinda,Todd
Nathanael,Walters
Socorro,Goodwin
Dominque,Frost
Beaulah,Kemp
Jim,Morton
Lien,Buckley
Tomi,Whitehead
Zack,Lambert
Quiana,Middleton
Raina,Barton
Veronica,Woodward
Cheryl,Barnett
Johnette,Blake
Riva,Fowler
Shelia,Banks
Trula,Stephens
Omega,Clayton
